epoch,time,train/box_loss,train/cls_loss,train/dfl_loss,metrics/precision(B),metrics/recall(B),metrics/mAP50(B),metrics/mAP50-95(B),val/box_loss,val/cls_loss,val/dfl_loss,lr/pg0,lr/pg1,lr/pg2
1,2390.38,1.2399,3.75744,1.47466,0.50925,0.4419,0.47719,0.26893,1.45865,3.73385,1.54925,0.000475154,0.000475154,0.000475154
2,4722.84,1.32031,2.19831,1.50789,0.4349,0.35498,0.32881,0.18134,1.60379,2.97375,1.63475,0.00085729,0.00085729,0.00085729
3,7048.43,1.31552,1.68437,1.49141,0.58164,0.5611,0.58366,0.35066,1.29436,1.85926,1.43408,0.00114511,0.00114511,0.00114511
4,9407.26,1.21832,1.37309,1.40271,0.71165,0.67724,0.75143,0.50403,1.19189,1.54554,1.34385,0.00100459,0.00100459,0.00100459
5,11717.7,1.1194,1.16283,1.33656,0.7929,0.74214,0.80703,0.53885,1.16626,1.17308,1.27402,0.000863116,0.000863116,0.000863116
6,13974.7,1.06001,0.98743,1.27653,0.80876,0.80235,0.86369,0.61453,1.06472,1.06169,1.22773,0.000721645,0.000721645,0.000721645
